<?xml version="1.0" encoding="UTF-8"?>
<project-private xmlns="http://www.netbeans.org/ns/project-private/1">
    <editor-bookmarks xmlns="http://www.netbeans.org/ns/editor-bookmarks/2" lastBookmarkId="0"/>
    <open-files xmlns="http://www.netbeans.org/ns/projectui-open-files/2">
        <group>
            <file>file:/C:/Users/mohau/Documents/NooKoProject/NooKoProject-ejb/src/java/za/ac/tut/dao/Student.java</file>
            <file>file:/C:/Users/mohau/Documents/NooKoProject/NooKoProject-ejb/src/java/za/ac/tut/dao/Person.java</file>
            <file>file:/C:/Users/mohau/Documents/NooKoProject/NooKoProject-ejb/src/java/za/ac/tut/session/PersonServiceInt.java</file>
            <file>file:/C:/Users/mohau/Documents/NooKoProject/NooKoProject-ejb/src/java/za/ac/tut/dao/Staff.java</file>
            <file>file:/C:/Users/mohau/Documents/NooKoProject/NooKoProject-ejb/src/java/za/ac/tut/session/PersonBean.java</file>
        </group>
    </open-files>
</project-private>
